<ImportExportXml version="7.0.0002.0053" SolutionPackageVersion="7.0" languagecode="1033" generatedBy="OnPremise" xmlns:xsi="http://www.w3.org/2001/XMLSchema-instance">
  <SolutionManifest>
    <UniqueName>GC</UniqueName>
    <LocalizedNames>
      <LocalizedName description="G&amp;C" languagecode="1033" />
    </LocalizedNames>
    <Descriptions />
    <Version>1.0</Version>
    <Managed>1</Managed>
    <Publisher>
      <UniqueName>DefaultPublisherGsAndCsDEV</UniqueName>
      <LocalizedNames>
        <LocalizedName description="Default Publisher for GsAndCsDEV" languagecode="1033" />
      </LocalizedNames>
      <Descriptions>
        <Description description="Default publisher for this organization" languagecode="1033" />
      </Descriptions>
      <EMailAddress xsi:nil="true"></EMailAddress>
      <SupportingWebsiteUrl xsi:nil="true"></SupportingWebsiteUrl>
      <CustomizationPrefix>gcbase</CustomizationPrefix>
      <CustomizationOptionValuePrefix>14803</CustomizationOptionValuePrefix>
      <Addresses>
        <Address>
          <AddressNumber>1</AddressNumber>
          <AddressTypeCode xsi:nil="true"></AddressTypeCode>
          <City xsi:nil="true"></City>
          <County xsi:nil="true"></County>
          <Country xsi:nil="true"></Country>
          <Fax xsi:nil="true"></Fax>
          <FreightTermsCode xsi:nil="true"></FreightTermsCode>
          <ImportSequenceNumber xsi:nil="true"></ImportSequenceNumber>
          <Latitude xsi:nil="true"></Latitude>
          <Line1 xsi:nil="true"></Line1>
          <Line2 xsi:nil="true"></Line2>
          <Line3 xsi:nil="true"></Line3>
          <Longitude xsi:nil="true"></Longitude>
          <Name xsi:nil="true"></Name>
          <PostalCode xsi:nil="true"></PostalCode>
          <PostOfficeBox xsi:nil="true"></PostOfficeBox>
          <PrimaryContactName xsi:nil="true"></PrimaryContactName>
          <ShippingMethodCode xsi:nil="true"></ShippingMethodCode>
          <StateOrProvince xsi:nil="true"></StateOrProvince>
          <Telephone1 xsi:nil="true"></Telephone1>
          <Telephone2 xsi:nil="true"></Telephone2>
          <Telephone3 xsi:nil="true"></Telephone3>
          <TimeZoneRuleVersionNumber xsi:nil="true"></TimeZoneRuleVersionNumber>
          <UPSZone xsi:nil="true"></UPSZone>
          <UTCOffset xsi:nil="true"></UTCOffset>
          <UTCConversionTimeZoneCode xsi:nil="true"></UTCConversionTimeZoneCode>
        </Address>
        <Address>
          <AddressNumber>2</AddressNumber>
          <AddressTypeCode xsi:nil="true"></AddressTypeCode>
          <City xsi:nil="true"></City>
          <County xsi:nil="true"></County>
          <Country xsi:nil="true"></Country>
          <Fax xsi:nil="true"></Fax>
          <FreightTermsCode xsi:nil="true"></FreightTermsCode>
          <ImportSequenceNumber xsi:nil="true"></ImportSequenceNumber>
          <Latitude xsi:nil="true"></Latitude>
          <Line1 xsi:nil="true"></Line1>
          <Line2 xsi:nil="true"></Line2>
          <Line3 xsi:nil="true"></Line3>
          <Longitude xsi:nil="true"></Longitude>
          <Name xsi:nil="true"></Name>
          <PostalCode xsi:nil="true"></PostalCode>
          <PostOfficeBox xsi:nil="true"></PostOfficeBox>
          <PrimaryContactName xsi:nil="true"></PrimaryContactName>
          <ShippingMethodCode xsi:nil="true"></ShippingMethodCode>
          <StateOrProvince xsi:nil="true"></StateOrProvince>
          <Telephone1 xsi:nil="true"></Telephone1>
          <Telephone2 xsi:nil="true"></Telephone2>
          <Telephone3 xsi:nil="true"></Telephone3>
          <TimeZoneRuleVersionNumber xsi:nil="true"></TimeZoneRuleVersionNumber>
          <UPSZone xsi:nil="true"></UPSZone>
          <UTCOffset xsi:nil="true"></UTCOffset>
          <UTCConversionTimeZoneCode xsi:nil="true"></UTCConversionTimeZoneCode>
        </Address>
      </Addresses>
    </Publisher>
    <RootComponents>
      <RootComponent type="1" schemaName="account" />
      <RootComponent type="1" schemaName="activitypointer" />
      <RootComponent type="1" schemaName="contact" />
      <RootComponent type="1" schemaName="gcbase_accountaccountgrouptype" />
      <RootComponent type="1" schemaName="gcbase_accountcontact" />
      <RootComponent type="1" schemaName="gcbase_accountcontactrole" />
      <RootComponent type="1" schemaName="gcbase_accountgrouptype" />
      <RootComponent type="1" schemaName="gcbase_client" />
      <RootComponent type="1" schemaName="gcbase_contactcontactgrouptype" />
      <RootComponent type="1" schemaName="gcbase_contactgrouptype" />
      <RootComponent type="1" schemaName="gcbase_contactrole" />
      <RootComponent type="1" schemaName="gcbase_costcategory" />
      <RootComponent type="1" schemaName="gcbase_delegatedauthority" />
      <RootComponent type="1" schemaName="gcbase_delegatedauthoritydecision" />
      <RootComponent type="1" schemaName="gcbase_delegationlevel" />
      <RootComponent type="1" schemaName="gcbase_fund" />
      <RootComponent type="1" schemaName="gcbase_fundcenterteam" />
      <RootComponent type="1" schemaName="gcbase_fundcenteruser" />
      <RootComponent type="1" schemaName="gcbase_fundcentre" />
      <RootComponent type="1" schemaName="gcbase_fundcentreassessmentuser" />
      <RootComponent type="1" schemaName="gcbase_fundcentrebudget" />
      <RootComponent type="1" schemaName="gcbase_fundcentregroup" />
      <RootComponent type="1" schemaName="gcbase_fundcentretransaction" />
      <RootComponent type="1" schemaName="gcbase_fundingcase" />
      <RootComponent type="1" schemaName="gcbase_fundingcaseamountbyfy" />
      <RootComponent type="1" schemaName="gcbase_fundingcasebudgetline" />
      <RootComponent type="1" schemaName="gcbase_fundingcasecontact" />
      <RootComponent type="1" schemaName="gcbase_fundingcaserole" />
      <RootComponent type="1" schemaName="gcbase_fundtype" />
      <RootComponent type="1" schemaName="gcbase_ioscity" />
      <RootComponent type="1" schemaName="gcbase_isocountry" />
      <RootComponent type="1" schemaName="gcbase_isosetup" />
      <RootComponent type="1" schemaName="gcbase_isosubdivision" />
      <RootComponent type="1" schemaName="gcbase_level1authority" />
      <RootComponent type="1" schemaName="gcbase_level2authority" />
      <RootComponent type="1" schemaName="gcbase_level2decision" />
      <RootComponent type="1" schemaName="gcbase_level3authority" />
      <RootComponent type="1" schemaName="gcbase_level3decision" />
      <RootComponent type="1" schemaName="gcbase_level4authority" />
      <RootComponent type="1" schemaName="gcbase_level4decision" />
      <RootComponent type="1" schemaName="gcbase_programcostcategory" />
      <RootComponent type="1" schemaName="gcbase_role" />
      <RootComponent type="1" schemaName="gcbase_sapfundcentre" />
      <RootComponent type="1" schemaName="msdyn_postconfig" />
      <RootComponent type="1" schemaName="msdyn_postruleconfig" />
      <RootComponent type="1" schemaName="serviceappointment" />
      <RootComponent type="1" schemaName="systemuser" />
      <RootComponent type="1" schemaName="team" />
      <RootComponent type="9" schemaName="gcbase_decisions" />
      <RootComponent type="9" schemaName="gcbase_fundingcaserisklevel" />
      <RootComponent type="9" schemaName="processstage_category" />
      <RootComponent type="20" parentId="{119f245c-3cc8-4b62-b31c-d1a046ced15d}" />
      <RootComponent type="29" id="{002aeb4c-8c6c-489d-be58-317696c82910}" />
      <RootComponent type="29" id="{0436bbeb-f342-4ccf-abc2-f9804fe36375}" />
      <RootComponent type="29" id="{06430e2c-57e5-486b-9fdc-0a4aa9cb7f5e}" />
      <RootComponent type="29" id="{11023e4f-3a36-4a99-923d-1a19c0d7afc0}" />
      <RootComponent type="29" id="{115e64d9-63dc-41aa-af17-4c858bfce2ae}" />
      <RootComponent type="29" id="{1c5e9526-d3a7-4fec-a9a7-1cd545b2217d}" />
      <RootComponent type="29" id="{212ecc82-a8c6-4e30-a33f-db1fd6c478eb}" />
      <RootComponent type="29" id="{26c1722a-edcd-4640-97ed-795183b222cb}" />
      <RootComponent type="29" id="{2a841183-b1b0-47d0-be92-33972438b28d}" />
      <RootComponent type="29" id="{3b21f9ee-31a2-412a-ba6a-f0ac752ba7c1}" />
      <RootComponent type="29" id="{3c1d1094-8757-4c9c-9d87-c80f04bd4d5b}" />
      <RootComponent type="29" id="{4736f684-9033-45b2-bc17-322d6296810f}" />
      <RootComponent type="29" id="{47404792-772a-4667-8faa-71ed0285a3e1}" />
      <RootComponent type="29" id="{4e66c1e1-4c53-4afc-903b-58f668f64b22}" />
      <RootComponent type="29" id="{562d5fde-cb40-456c-826a-ad30821fd362}" />
      <RootComponent type="29" id="{5d907378-0cd4-47f4-a73d-11fd2dd14e05}" />
      <RootComponent type="29" id="{5f3d5e7c-a3c8-45ce-a14d-11532bd37c1c}" />
      <RootComponent type="29" id="{64b80106-e247-403d-92e2-75979504f876}" />
      <RootComponent type="29" id="{66a273e2-1942-41ce-8b44-494ff405f344}" />
      <RootComponent type="29" id="{6d5fa7ca-08e7-49e0-b6df-81b8042fa7ff}" />
      <RootComponent type="29" id="{87be5f7b-cdec-4105-acc1-86164baee203}" />
      <RootComponent type="29" id="{8ab459ee-1563-45c9-9b64-9b7c644f560b}" />
      <RootComponent type="29" id="{8cddcca2-c572-437b-a946-d4eacaf0c24c}" />
      <RootComponent type="29" id="{8de52207-f7b7-4d09-b558-31b73835b5b6}" />
      <RootComponent type="29" id="{8ec97073-ecf8-41b5-881f-c8eab2320ac7}" />
      <RootComponent type="29" id="{92b01e6a-75da-4192-8a0f-02929b710182}" />
      <RootComponent type="29" id="{9ddc46a3-d070-4075-91b6-7179f24139e8}" />
      <RootComponent type="29" id="{a0060091-d966-443b-9c9f-e26fdab6b421}" />
      <RootComponent type="29" id="{a1c87be2-6c45-4d6f-b7cd-fc3147118cd2}" />
      <RootComponent type="29" id="{ab8a1e06-7989-450a-b42a-751db93cc257}" />
      <RootComponent type="29" id="{bc12c66d-c58e-4a75-8862-72503bb29519}" />
      <RootComponent type="29" id="{c1ed0dc0-dc7a-43b0-9672-b4c6188045ed}" />
      <RootComponent type="29" id="{c66a4412-336a-48c2-9d79-2369184fd145}" />
      <RootComponent type="29" id="{c736d961-d6dd-46ea-a495-ce2e52f06d45}" />
      <RootComponent type="29" id="{c7c7f61e-eca7-4890-adbe-8bfc584232da}" />
      <RootComponent type="29" id="{cb094c9d-c069-4854-be47-89840d787974}" />
      <RootComponent type="29" id="{cb4066b9-fd47-4879-bc41-f1f3c9c178bf}" />
      <RootComponent type="29" id="{e4af5113-1062-4f28-85b9-e0b913ff3453}" />
      <RootComponent type="29" id="{e600ed61-0a14-4190-af33-763d40981d55}" />
      <RootComponent type="29" id="{e69c2b4e-aefa-4ff4-9d5c-f6697c6e3ea3}" />
      <RootComponent type="29" id="{ecc8f66e-a378-4301-8dc2-b88247e38ddd}" />
      <RootComponent type="29" id="{ff34e290-ad21-43a8-924f-d5727c78d71b}" />
      <RootComponent type="31" id="{7ff8bba2-e966-e511-80f1-005056a03443}" />
      <RootComponent type="60" id="{21b836b7-cabb-e511-80fa-005056a03443}" />
      <RootComponent type="60" id="{24bf63c7-7898-e511-80f9-005056a03443}" />
      <RootComponent type="60" id="{92878ef7-964d-e511-80f0-005056a03443}" />
      <RootComponent type="60" id="{b46aeb74-bf0c-44fb-8158-9575588d1b57}" />
      <RootComponent type="60" id="{d1f511a8-1ead-e211-bb72-00155da9a201}" />
      <RootComponent type="61" schemaName="gcbase_account_group_type_config" />
      <RootComponent type="61" schemaName="gcbase_bootstrap" />
      <RootComponent type="61" schemaName="gcbase_Bootstrap_css" />
      <RootComponent type="61" schemaName="gcbase_bootstrap_glyphicons_halfings" />
      <RootComponent type="61" schemaName="gcbase_bootstrap_glyphicons_halfings_white" />
      <RootComponent type="61" schemaName="gcbase_bootstrap_responsive_css" />
      <RootComponent type="61" schemaName="gcbase_client_configuration" />
      <RootComponent type="61" schemaName="gcbase_client_edit_account_btn" />
      <RootComponent type="61" schemaName="gcbase_config_fund_centre" />
      <RootComponent type="61" schemaName="gcbase_editableGrid" />
      <RootComponent type="61" schemaName="gcbase_fiscalyear" />
      <RootComponent type="61" schemaName="gcbase_fundcenter_wr_confirmation" />
      <RootComponent type="61" schemaName="gcbase_FundCentreBudgetGridRefresh" />
      <RootComponent type="61" schemaName="gcbase_fundingcase_quickcreate_config" />
      <RootComponent type="61" schemaName="gcbase_funding_case_update_config" />
      <RootComponent type="61" schemaName="gcbase_gc_settings" />
      <RootComponent type="61" schemaName="gcbase_global_disableHeaderFields" />
      <RootComponent type="61" schemaName="gcbase_global_dynamicFormLoad" />
      <RootComponent type="61" schemaName="gcbase_global_wizardBPF" />
      <RootComponent type="61" schemaName="gcbase_IFRAME_fund_centre_warning" />
      <RootComponent type="61" schemaName="gcbase_iso_setup_import_button" />
      <RootComponent type="61" schemaName="gcbase_jquery_214" />
      <RootComponent type="61" schemaName="gcbase_jquery_formatCurrent_1.4.0_min" />
      <RootComponent type="61" schemaName="gcbase_json2" />
      <RootComponent type="61" schemaName="gcbase_refreshContainers" />
      <RootComponent type="61" schemaName="gcbase_richtexteditor" />
      <RootComponent type="61" schemaName="gcbase_test" />
      <RootComponent type="61" schemaName="gcbase_XrmServiceToolkit" />
      <RootComponent type="61" schemaName="gcbase_zglobaltest" />
      <RootComponent type="61" schemaName="msdyn_/Images/Wall_16.png" />
      <RootComponent type="61" schemaName="msdyn_/PersonalWall.htm" />
      <RootComponent type="61" schemaName="msdyn_/Styles/jQuery.UI.core.css" />
      <RootComponent type="61" schemaName="msdyn_/Styles/jQuery.UI.theme.css" />
      <RootComponent type="62" />
      <RootComponent type="91" schemaName="CrmGC.Plugins, Version=1.0.0.0, Culture=neutral, PublicKeyToken=ae047e8897cc4d21" />
      <RootComponent type="92" id="{2c275747-345e-e511-80f0-005056a03443}" />
      <RootComponent type="92" id="{4c33b33b-af7c-e511-80f2-005056a03443}" />
      <RootComponent type="92" id="{52db6701-5369-e511-80f1-005056a03443}" />
      <RootComponent type="92" id="{5a221bf2-b67d-e511-80f2-005056a03443}" />
      <RootComponent type="92" id="{aeb97cea-703c-e511-80ef-005056a03443}" />
      <RootComponent type="92" id="{cbd56418-f27c-e511-80f2-005056a03443}" />
      <RootComponent type="92" id="{e1fb9841-6852-e511-80f0-005056a03443}" />
    </RootComponents>
    <MissingDependencies>
      <MissingDependency>
        <Required key="0" type="1" schemaName="msdyn_postconfig" displayName="Post Configuration" solution="ActivityFeedsCore (7.0.2.53)" />
        <Dependent key="1" type="2" schemaName="organizationidname" parentSchemaName="msdyn_postconfig" parentDisplayName="Post Configuration" />
      </MissingDependency>
      <MissingDependency>
        <Required key="0" type="1" schemaName="msdyn_postconfig" displayName="Post Configuration" solution="ActivityFeedsCore (7.0.2.53)" />
        <Dependent key="0" type="1" schemaName="msdyn_postconfig" displayName="Post Configuration" />
      </MissingDependency>
      <MissingDependency>
        <Required key="0" type="1" schemaName="msdyn_postconfig" displayName="Post Configuration" solution="ActivityFeedsCore (7.0.2.53)" />
        <Dependent key="2" type="2" schemaName="modifiedonbehalfbyname" parentSchemaName="msdyn_postconfig" parentDisplayName="Post Configuration" />
      </MissingDependency>
      <MissingDependency>
        <Required key="0" type="1" schemaName="msdyn_postconfig" displayName="Post Configuration" solution="ActivityFeedsCore (7.0.2.53)" />
        <Dependent key="0" type="1" schemaName="msdyn_postconfig" displayName="Post Configuration" />
      </MissingDependency>
      <MissingDependency>
        <Required key="0" type="1" schemaName="msdyn_postconfig" displayName="Post Configuration" solution="ActivityFeedsCore (7.0.2.53)" />
        <Dependent key="3" type="2" schemaName="statuscodename" parentSchemaName="msdyn_postconfig" parentDisplayName="Post Configuration" />
      </MissingDependency>
      <MissingDependency>
        <Required key="0" type="1" schemaName="msdyn_postconfig" displayName="Post Configuration" solution="ActivityFeedsCore (7.0.2.53)" />
        <Dependent key="0" type="1" schemaName="msdyn_postconfig" displayName="Post Configuration" />
      </MissingDependency>
      <MissingDependency>
        <Required key="0" type="1" schemaName="msdyn_postconfig" displayName="Post Configuration" solution="ActivityFeedsCore (7.0.2.53)" />
        <Dependent key="0" type="1" schemaName="msdyn_postconfig" displayName="Post Configuration" />
      </MissingDependency>
      <MissingDependency>
        <Required key="0" type="1" schemaName="msdyn_postconfig" displayName="Post Configuration" solution="ActivityFeedsCore (7.0.2.53)" />
        <Dependent key="4" type="2" schemaName="createdonbehalfbyname" parentSchemaName="msdyn_postconfig" parentDisplayName="Post Configuration" />
      </MissingDependency>
      <MissingDependency>
        <Required key="0" type="1" schemaName="msdyn_postconfig" displayName="Post Configuration" solution="ActivityFeedsCore (7.0.2.53)" />
        <Dependent key="0" type="1" schemaName="msdyn_postconfig" displayName="Post Configuration" />
      </MissingDependency>
      <MissingDependency>
        <Required key="0" type="1" schemaName="msdyn_postconfig" displayName="Post Configuration" solution="ActivityFeedsCore (7.0.2.53)" />
        <Dependent key="0" type="1" schemaName="msdyn_postconfig" displayName="Post Configuration" />
      </MissingDependency>
      <MissingDependency>
        <Required key="0" type="1" schemaName="msdyn_postconfig" displayName="Post Configuration" solution="ActivityFeedsCore (7.0.2.53)" />
        <Dependent key="5" type="2" schemaName="createdonbehalfbyyominame" parentSchemaName="msdyn_postconfig" parentDisplayName="Post Configuration" />
      </MissingDependency>
      <MissingDependency>
        <Required key="0" type="1" schemaName="msdyn_postconfig" displayName="Post Configuration" solution="ActivityFeedsCore (7.0.2.53)" />
        <Dependent key="0" type="1" schemaName="msdyn_postconfig" displayName="Post Configuration" />
      </MissingDependency>
      <MissingDependency>
        <Required key="0" type="1" schemaName="msdyn_postconfig" displayName="Post Configuration" solution="ActivityFeedsCore (7.0.2.53)" />
        <Dependent key="6" type="2" schemaName="modifiedby" displayName="Modified By" parentSchemaName="msdyn_postconfig" parentDisplayName="Post Configuration" />
      </MissingDependency>
      <MissingDependency>
        <Required key="0" type="1" schemaName="msdyn_postconfig" displayName="Post Configuration" solution="ActivityFeedsCore (7.0.2.53)" />
        <Dependent key="7" type="50" schemaName="msdyn_postconfig:RibbonDiffXml" parentSchemaName="ribboncustomization" parentDisplayName="Application Ribbons" />
      </MissingDependency>
      <MissingDependency>
        <Required key="0" type="1" schemaName="msdyn_postconfig" displayName="Post Configuration" solution="ActivityFeedsCore (7.0.2.53)" />
        <Dependent key="8" type="2" schemaName="createdbyyominame" parentSchemaName="msdyn_postconfig" parentDisplayName="Post Configuration" />
      </MissingDependency>
      <MissingDependency>
        <Required key="0" type="1" schemaName="msdyn_postconfig" displayName="Post Configuration" solution="ActivityFeedsCore (7.0.2.53)" />
        <Dependent key="9" type="2" schemaName="createdonbehalfby" displayName="Created By (Delegate)" parentSchemaName="msdyn_postconfig" parentDisplayName="Post Configuration" />
      </MissingDependency>
      <MissingDependency>
        <Required key="0" type="1" schemaName="msdyn_postconfig" displayName="Post Configuration" solution="ActivityFeedsCore (7.0.2.53)" />
        <Dependent key="0" type="1" schemaName="msdyn_postconfig" displayName="Post Configuration" />
      </MissingDependency>
      <MissingDependency>
        <Required key="0" type="1" schemaName="msdyn_postconfig" displayName="Post Configuration" solution="ActivityFeedsCore (7.0.2.53)" />
        <Dependent key="10" type="2" schemaName="msdyn_configurewallname" parentSchemaName="msdyn_postconfig" parentDisplayName="Post Configuration" />
      </MissingDependency>
      <MissingDependency>
        <Required key="0" type="1" schemaName="msdyn_postconfig" displayName="Post Configuration" solution="ActivityFeedsCore (7.0.2.53)" />
        <Dependent key="11" type="2" schemaName="createdby" displayName="Created By" parentSchemaName="msdyn_postconfig" parentDisplayName="Post Configuration" />
      </MissingDependency>
      <MissingDependency>
        <Required key="0" type="1" schemaName="msdyn_postconfig" displayName="Post Configuration" solution="ActivityFeedsCore (7.0.2.53)" />
        <Dependent key="12" type="2" schemaName="organizationid" displayName="Organization Id" parentSchemaName="msdyn_postconfig" parentDisplayName="Post Configuration" />
      </MissingDependency>
      <MissingDependency>
        <Required key="0" type="1" schemaName="msdyn_postconfig" displayName="Post Configuration" solution="ActivityFeedsCore (7.0.2.53)" />
        <Dependent key="13" type="2" schemaName="modifiedonbehalfby" displayName="Modified By (Delegate)" parentSchemaName="msdyn_postconfig" parentDisplayName="Post Configuration" />
      </MissingDependency>
      <MissingDependency>
        <Required key="0" type="1" schemaName="msdyn_postconfig" displayName="Post Configuration" solution="ActivityFeedsCore (7.0.2.53)" />
        <Dependent key="14" type="2" schemaName="modifiedbyyominame" parentSchemaName="msdyn_postconfig" parentDisplayName="Post Configuration" />
      </MissingDependency>
      <MissingDependency>
        <Required key="0" type="1" schemaName="msdyn_postconfig" displayName="Post Configuration" solution="ActivityFeedsCore (7.0.2.53)" />
        <Dependent key="15" type="2" schemaName="statecodename" parentSchemaName="msdyn_postconfig" parentDisplayName="Post Configuration" />
      </MissingDependency>
      <MissingDependency>
        <Required key="0" type="1" schemaName="msdyn_postconfig" displayName="Post Configuration" solution="ActivityFeedsCore (7.0.2.53)" />
        <Dependent key="0" type="1" schemaName="msdyn_postconfig" displayName="Post Configuration" />
      </MissingDependency>
      <MissingDependency>
        <Required key="0" type="1" schemaName="msdyn_postconfig" displayName="Post Configuration" solution="ActivityFeedsCore (7.0.2.53)" />
        <Dependent key="16" type="2" schemaName="versionnumber" parentSchemaName="msdyn_postconfig" parentDisplayName="Post Configuration" />
      </MissingDependency>
      <MissingDependency>
        <Required key="0" type="1" schemaName="msdyn_postconfig" displayName="Post Configuration" solution="ActivityFeedsCore (7.0.2.53)" />
        <Dependent key="17" type="2" schemaName="modifiedonbehalfbyyominame" parentSchemaName="msdyn_postconfig" parentDisplayName="Post Configuration" />
      </MissingDependency>
      <MissingDependency>
        <Required key="0" type="1" schemaName="msdyn_postconfig" displayName="Post Configuration" solution="ActivityFeedsCore (7.0.2.53)" />
        <Dependent key="18" type="2" schemaName="modifiedbyname" parentSchemaName="msdyn_postconfig" parentDisplayName="Post Configuration" />
      </MissingDependency>
      <MissingDependency>
        <Required key="0" type="1" schemaName="msdyn_postconfig" displayName="Post Configuration" solution="ActivityFeedsCore (7.0.2.53)" />
        <Dependent key="19" type="2" schemaName="createdbyname" parentSchemaName="msdyn_postconfig" parentDisplayName="Post Configuration" />
      </MissingDependency>
      <MissingDependency>
        <Required key="0" type="1" schemaName="msdyn_postconfig" displayName="Post Configuration" solution="ActivityFeedsCore (7.0.2.53)" />
        <Dependent key="0" type="1" schemaName="msdyn_postconfig" displayName="Post Configuration" />
      </MissingDependency>
      <MissingDependency>
        <Required key="20" type="1" schemaName="msdyn_postruleconfig" displayName="Post Rule Configuration" solution="ActivityFeedsCore (7.0.2.53)" />
        <Dependent key="21" type="2" schemaName="msdyn_posttoyammername" parentSchemaName="msdyn_postruleconfig" parentDisplayName="Post Rule Configuration" />
      </MissingDependency>
      <MissingDependency>
        <Required key="20" type="1" schemaName="msdyn_postruleconfig" displayName="Post Rule Configuration" solution="ActivityFeedsCore (7.0.2.53)" />
        <Dependent key="22" type="2" schemaName="statecodename" parentSchemaName="msdyn_postruleconfig" parentDisplayName="Post Rule Configuration" />
      </MissingDependency>
      <MissingDependency>
        <Required key="20" type="1" schemaName="msdyn_postruleconfig" displayName="Post Rule Configuration" solution="ActivityFeedsCore (7.0.2.53)" />
        <Dependent key="23" type="2" schemaName="createdbyname" parentSchemaName="msdyn_postruleconfig" parentDisplayName="Post Rule Configuration" />
      </MissingDependency>
      <MissingDependency>
        <Required key="20" type="1" schemaName="msdyn_postruleconfig" displayName="Post Rule Configuration" solution="ActivityFeedsCore (7.0.2.53)" />
        <Dependent key="24" type="2" schemaName="modifiedbyname" parentSchemaName="msdyn_postruleconfig" parentDisplayName="Post Rule Configuration" />
      </MissingDependency>
      <MissingDependency>
        <Required key="20" type="1" schemaName="msdyn_postruleconfig" displayName="Post Rule Configuration" solution="ActivityFeedsCore (7.0.2.53)" />
        <Dependent key="25" type="2" schemaName="modifiedonbehalfbyname" parentSchemaName="msdyn_postruleconfig" parentDisplayName="Post Rule Configuration" />
      </MissingDependency>
      <MissingDependency>
        <Required key="20" type="1" schemaName="msdyn_postruleconfig" displayName="Post Rule Configuration" solution="ActivityFeedsCore (7.0.2.53)" />
        <Dependent key="20" type="1" schemaName="msdyn_postruleconfig" displayName="Post Rule Configuration" />
      </MissingDependency>
      <MissingDependency>
        <Required key="20" type="1" schemaName="msdyn_postruleconfig" displayName="Post Rule Configuration" solution="ActivityFeedsCore (7.0.2.53)" />
        <Dependent key="20" type="1" schemaName="msdyn_postruleconfig" displayName="Post Rule Configuration" />
      </MissingDependency>
      <MissingDependency>
        <Required key="20" type="1" schemaName="msdyn_postruleconfig" displayName="Post Rule Configuration" solution="ActivityFeedsCore (7.0.2.53)" />
        <Dependent key="20" type="1" schemaName="msdyn_postruleconfig" displayName="Post Rule Configuration" />
      </MissingDependency>
      <MissingDependency>
        <Required key="20" type="1" schemaName="msdyn_postruleconfig" displayName="Post Rule Configuration" solution="ActivityFeedsCore (7.0.2.53)" />
        <Dependent key="26" type="2" schemaName="modifiedonbehalfby" displayName="Modified By (Delegate)" parentSchemaName="msdyn_postruleconfig" parentDisplayName="Post Rule Configuration" />
      </MissingDependency>
      <MissingDependency>
        <Required key="20" type="1" schemaName="msdyn_postruleconfig" displayName="Post Rule Configuration" solution="ActivityFeedsCore (7.0.2.53)" />
        <Dependent key="27" type="2" schemaName="msdyn_postconfigidname" parentSchemaName="msdyn_postruleconfig" parentDisplayName="Post Rule Configuration" />
      </MissingDependency>
      <MissingDependency>
        <Required key="20" type="1" schemaName="msdyn_postruleconfig" displayName="Post Rule Configuration" solution="ActivityFeedsCore (7.0.2.53)" />
        <Dependent key="20" type="1" schemaName="msdyn_postruleconfig" displayName="Post Rule Configuration" />
      </MissingDependency>
      <MissingDependency>
        <Required key="20" type="1" schemaName="msdyn_postruleconfig" displayName="Post Rule Configuration" solution="ActivityFeedsCore (7.0.2.53)" />
        <Dependent key="28" type="2" schemaName="createdonbehalfbyyominame" parentSchemaName="msdyn_postruleconfig" parentDisplayName="Post Rule Configuration" />
      </MissingDependency>
      <MissingDependency>
        <Required key="20" type="1" schemaName="msdyn_postruleconfig" displayName="Post Rule Configuration" solution="ActivityFeedsCore (7.0.2.53)" />
        <Dependent key="29" type="2" schemaName="organizationidname" parentSchemaName="msdyn_postruleconfig" parentDisplayName="Post Rule Configuration" />
      </MissingDependency>
      <MissingDependency>
        <Required key="20" type="1" schemaName="msdyn_postruleconfig" displayName="Post Rule Configuration" solution="ActivityFeedsCore (7.0.2.53)" />
        <Dependent key="30" type="2" schemaName="modifiedonbehalfbyyominame" parentSchemaName="msdyn_postruleconfig" parentDisplayName="Post Rule Configuration" />
      </MissingDependency>
      <MissingDependency>
        <Required key="20" type="1" schemaName="msdyn_postruleconfig" displayName="Post Rule Configuration" solution="ActivityFeedsCore (7.0.2.53)" />
        <Dependent key="31" type="2" schemaName="statuscodename" parentSchemaName="msdyn_postruleconfig" parentDisplayName="Post Rule Configuration" />
      </MissingDependency>
      <MissingDependency>
        <Required key="20" type="1" schemaName="msdyn_postruleconfig" displayName="Post Rule Configuration" solution="ActivityFeedsCore (7.0.2.53)" />
        <Dependent key="20" type="1" schemaName="msdyn_postruleconfig" displayName="Post Rule Configuration" />
      </MissingDependency>
      <MissingDependency>
        <Required key="20" type="1" schemaName="msdyn_postruleconfig" displayName="Post Rule Configuration" solution="ActivityFeedsCore (7.0.2.53)" />
        <Dependent key="20" type="1" schemaName="msdyn_postruleconfig" displayName="Post Rule Configuration" />
      </MissingDependency>
      <MissingDependency>
        <Required key="20" type="1" schemaName="msdyn_postruleconfig" displayName="Post Rule Configuration" solution="ActivityFeedsCore (7.0.2.53)" />
        <Dependent key="32" type="50" schemaName="msdyn_postruleconfig:RibbonDiffXml" parentSchemaName="ribboncustomization" parentDisplayName="Application Ribbons" />
      </MissingDependency>
      <MissingDependency>
        <Required key="20" type="1" schemaName="msdyn_postruleconfig" displayName="Post Rule Configuration" solution="ActivityFeedsCore (7.0.2.53)" />
        <Dependent key="20" type="1" schemaName="msdyn_postruleconfig" displayName="Post Rule Configuration" />
      </MissingDependency>
      <MissingDependency>
        <Required key="20" type="1" schemaName="msdyn_postruleconfig" displayName="Post Rule Configuration" solution="ActivityFeedsCore (7.0.2.53)" />
        <Dependent key="33" type="2" schemaName="modifiedbyyominame" parentSchemaName="msdyn_postruleconfig" parentDisplayName="Post Rule Configuration" />
      </MissingDependency>
      <MissingDependency>
        <Required key="20" type="1" schemaName="msdyn_postruleconfig" displayName="Post Rule Configuration" solution="ActivityFeedsCore (7.0.2.53)" />
        <Dependent key="34" type="2" schemaName="createdbyyominame" parentSchemaName="msdyn_postruleconfig" parentDisplayName="Post Rule Configuration" />
      </MissingDependency>
      <MissingDependency>
        <Required key="20" type="1" schemaName="msdyn_postruleconfig" displayName="Post Rule Configuration" solution="ActivityFeedsCore (7.0.2.53)" />
        <Dependent key="35" type="2" schemaName="versionnumber" parentSchemaName="msdyn_postruleconfig" parentDisplayName="Post Rule Configuration" />
      </MissingDependency>
      <MissingDependency>
        <Required key="20" type="1" schemaName="msdyn_postruleconfig" displayName="Post Rule Configuration" solution="ActivityFeedsCore (7.0.2.53)" />
        <Dependent key="36" type="2" schemaName="createdonbehalfbyname" parentSchemaName="msdyn_postruleconfig" parentDisplayName="Post Rule Configuration" />
      </MissingDependency>
      <MissingDependency>
        <Required key="20" type="1" schemaName="msdyn_postruleconfig" displayName="Post Rule Configuration" solution="ActivityFeedsCore (7.0.2.53)" />
        <Dependent key="37" type="2" schemaName="createdonbehalfby" displayName="Created By (Delegate)" parentSchemaName="msdyn_postruleconfig" parentDisplayName="Post Rule Configuration" />
      </MissingDependency>
      <MissingDependency>
        <Required key="20" type="1" schemaName="msdyn_postruleconfig" displayName="Post Rule Configuration" solution="ActivityFeedsCore (7.0.2.53)" />
        <Dependent key="38" type="2" schemaName="modifiedby" displayName="Modified By" parentSchemaName="msdyn_postruleconfig" parentDisplayName="Post Rule Configuration" />
      </MissingDependency>
      <MissingDependency>
        <Required key="20" type="1" schemaName="msdyn_postruleconfig" displayName="Post Rule Configuration" solution="ActivityFeedsCore (7.0.2.53)" />
        <Dependent key="39" type="2" schemaName="organizationid" displayName="Organization Id" parentSchemaName="msdyn_postruleconfig" parentDisplayName="Post Rule Configuration" />
      </MissingDependency>
      <MissingDependency>
        <Required key="20" type="1" schemaName="msdyn_postruleconfig" displayName="Post Rule Configuration" solution="ActivityFeedsCore (7.0.2.53)" />
        <Dependent key="20" type="1" schemaName="msdyn_postruleconfig" displayName="Post Rule Configuration" />
      </MissingDependency>
      <MissingDependency>
        <Required key="20" type="1" schemaName="msdyn_postruleconfig" displayName="Post Rule Configuration" solution="ActivityFeedsCore (7.0.2.53)" />
        <Dependent key="20" type="1" schemaName="msdyn_postruleconfig" displayName="Post Rule Configuration" />
      </MissingDependency>
      <MissingDependency>
        <Required key="20" type="1" schemaName="msdyn_postruleconfig" displayName="Post Rule Configuration" solution="ActivityFeedsCore (7.0.2.53)" />
        <Dependent key="40" type="2" schemaName="createdby" displayName="Created By" parentSchemaName="msdyn_postruleconfig" parentDisplayName="Post Rule Configuration" />
      </MissingDependency>
      <MissingDependency>
        <Required key="20" type="1" schemaName="msdyn_postruleconfig" displayName="Post Rule Configuration" solution="ActivityFeedsCore (7.0.2.53)" />
        <Dependent key="20" type="1" schemaName="msdyn_postruleconfig" displayName="Post Rule Configuration" />
      </MissingDependency>
      <MissingDependency>
        <Required key="0" type="1" schemaName="msdyn_postconfig" displayName="Post Configuration" solution="ActivityFeedsCore (7.0.2.53)" />
        <Dependent key="0" type="1" schemaName="msdyn_postconfig" displayName="Post Configuration" />
      </MissingDependency>
      <MissingDependency>
        <Required key="20" type="1" schemaName="msdyn_postruleconfig" displayName="Post Rule Configuration" solution="ActivityFeedsCore (7.0.2.53)" />
        <Dependent key="20" type="1" schemaName="msdyn_postruleconfig" displayName="Post Rule Configuration" />
      </MissingDependency>
      <MissingDependency>
        <Required key="0" type="1" schemaName="msdyn_postconfig" displayName="Post Configuration" solution="ActivityFeedsCore (7.0.2.53)" />
        <Dependent key="41" type="10" schemaName="msdyn_postconfig_msdyn_postruleconfig" displayName="msdyn_postconfig_msdyn_postruleconfig" parentSchemaName="msdyn_postruleconfig" parentDisplayName="Post Rule Configuration" />
      </MissingDependency>
      <MissingDependency>
        <Required key="0" type="1" schemaName="msdyn_postconfig" displayName="Post Configuration" solution="ActivityFeedsCore (7.0.2.53)" />
        <Dependent key="42" type="62" id="{bb051bf2-a030-e511-80ee-005056a03443}" />
      </MissingDependency>
      <MissingDependency>
        <Required key="20" type="1" schemaName="msdyn_postruleconfig" displayName="Post Rule Configuration" solution="ActivityFeedsCore (7.0.2.53)" />
        <Dependent key="42" type="62" id="{bb051bf2-a030-e511-80ee-005056a03443}" />
      </MissingDependency>
      <MissingDependency>
        <Required key="20" type="1" schemaName="msdyn_postruleconfig" displayName="Post Rule Configuration" solution="ActivityFeedsCore (7.0.2.53)" />
        <Dependent key="41" type="10" schemaName="msdyn_postconfig_msdyn_postruleconfig" displayName="msdyn_postconfig_msdyn_postruleconfig" parentSchemaName="msdyn_postruleconfig" parentDisplayName="Post Rule Configuration" />
      </MissingDependency>
      <MissingDependency>
        <Required key="43" type="2" schemaName="msdyn_postconfigid" displayName="Post Entity Id" parentSchemaName="msdyn_postruleconfig" parentDisplayName="Post Rule Configuration" solution="ActivityFeedsCore (7.0.2.53)" />
        <Dependent key="41" type="10" schemaName="msdyn_postconfig_msdyn_postruleconfig" displayName="msdyn_postconfig_msdyn_postruleconfig" parentSchemaName="msdyn_postruleconfig" parentDisplayName="Post Rule Configuration" />
      </MissingDependency>
      <MissingDependency>
        <Required key="44" type="2" schemaName="msdyn_entitydisplayname" displayName="Entity Display Name" parentSchemaName="msdyn_postconfig" parentDisplayName="Post Configuration" solution="ActivityFeedsCore (7.0.2.53)" />
        <Dependent key="41" type="10" schemaName="msdyn_postconfig_msdyn_postruleconfig" displayName="msdyn_postconfig_msdyn_postruleconfig" parentSchemaName="msdyn_postruleconfig" parentDisplayName="Post Rule Configuration" />
      </MissingDependency>
      <MissingDependency>
        <Required key="45" type="2" schemaName="msdyn_postconfigid" displayName="Post Configuration" parentSchemaName="msdyn_postconfig" parentDisplayName="Post Configuration" solution="ActivityFeedsCore (7.0.2.53)" />
        <Dependent key="41" type="10" schemaName="msdyn_postconfig_msdyn_postruleconfig" displayName="msdyn_postconfig_msdyn_postruleconfig" parentSchemaName="msdyn_postruleconfig" parentDisplayName="Post Rule Configuration" />
      </MissingDependency>
      <MissingDependency>
        <Required key="41" type="10" schemaName="msdyn_postconfig_msdyn_postruleconfig" displayName="msdyn_postconfig_msdyn_postruleconfig" parentSchemaName="msdyn_postruleconfig" parentDisplayName="Post Rule Configuration" solution="ActivityFeedsCore (7.0.2.53)" />
        <Dependent key="41" type="10" schemaName="msdyn_postconfig_msdyn_postruleconfig" displayName="msdyn_postconfig_msdyn_postruleconfig" parentSchemaName="msdyn_postruleconfig" parentDisplayName="Post Rule Configuration" />
      </MissingDependency>
      <MissingDependency>
        <Required key="41" type="10" schemaName="msdyn_postconfig_msdyn_postruleconfig" displayName="msdyn_postconfig_msdyn_postruleconfig" parentSchemaName="msdyn_postruleconfig" parentDisplayName="Post Rule Configuration" solution="ActivityFeedsCore (7.0.2.53)" />
        <Dependent key="27" type="2" schemaName="msdyn_postconfigidname" parentSchemaName="msdyn_postruleconfig" parentDisplayName="Post Rule Configuration" />
      </MissingDependency>
      <MissingDependency>
        <Required key="46" type="20" displayName="Marketing Professional" solution="System" id="{cf1fb591-a030-e511-80ee-005056a03443}" parentId="{09a25608-d28b-4d47-b57c-79271fe6a525}" />
        <Dependent key="47" type="60" displayName="Marketing Social Dashboard" id="{b46aeb74-bf0c-44fb-8158-9575588d1b57}" />
      </MissingDependency>
      <MissingDependency>
        <Required key="48" type="20" displayName="Vice President of Sales" solution="System" id="{4b2fb591-a030-e511-80ee-005056a03443}" parentId="{29123793-6ae5-4955-9f1a-f10ceb9705f1}" />
        <Dependent key="49" type="60" displayName="Sales Dashboard" id="{d1f511a8-1ead-e211-bb72-00155da9a201}" />
      </MissingDependency>
      <MissingDependency>
        <Required key="50" type="26" schemaName="My Open Leads" displayName="My Open Leads" parentSchemaName="lead" parentDisplayName="Lead" solution="System" id="{00000000-0000-0000-00aa-000010001005}" />
        <Dependent key="49" type="60" displayName="Sales Dashboard" id="{d1f511a8-1ead-e211-bb72-00155da9a201}" />
      </MissingDependency>
      <MissingDependency>
        <Required key="51" type="26" schemaName="My Open Opportunities" displayName="My Open Opportunities" parentSchemaName="opportunity" parentDisplayName="Opportunity" solution="System" id="{00000000-0000-0000-00aa-000010003000}" />
        <Dependent key="49" type="60" displayName="Sales Dashboard" id="{d1f511a8-1ead-e211-bb72-00155da9a201}" />
      </MissingDependency>
      <MissingDependency>
        <Required key="52" type="26" schemaName="My Closed Opportunities in Current Fiscal Year" displayName="My Closed Opportunities in Current Fiscal Year" parentSchemaName="opportunity" parentDisplayName="Opportunity" solution="System" id="{31dae384-a86f-df11-986c-00155d2e3002}" />
        <Dependent key="49" type="60" displayName="Sales Dashboard" id="{d1f511a8-1ead-e211-bb72-00155da9a201}" />
      </MissingDependency>
      <MissingDependency>
        <Required key="53" type="26" schemaName="Account Entitlements" displayName="Account Entitlements" parentSchemaName="entitlement" parentDisplayName="Entitlement" solution="System" id="{961bf8aa-042f-4f4d-bcca-935bfc9a6994}" />
        <Dependent key="54" type="60" displayName="Contact" parentDisplayName="Contact" id="{1fed44d1-ae68-4a41-bd2b-f13acac4acfa}" />
      </MissingDependency>
      <MissingDependency>
        <Required key="55" type="26" schemaName="Recent Cases" displayName="Recent Cases" parentSchemaName="incident" parentDisplayName="Case" solution="System" id="{ebd1d24a-eea7-e211-9fb6-00155dd0ea05}" />
        <Dependent key="54" type="60" displayName="Contact" parentDisplayName="Contact" id="{1fed44d1-ae68-4a41-bd2b-f13acac4acfa}" />
      </MissingDependency>
      <MissingDependency>
        <Required key="56" type="26" schemaName="My Active Cases" displayName="My Active Cases" parentSchemaName="incident" parentDisplayName="Case" solution="System" id="{00000000-0000-0000-00aa-000010001028}" />
        <Dependent key="54" type="60" displayName="Contact" parentDisplayName="Contact" id="{1fed44d1-ae68-4a41-bd2b-f13acac4acfa}" />
      </MissingDependency>
      <MissingDependency>
        <Required key="57" type="26" schemaName="Recent Opportunities" displayName="Recent Opportunities" parentSchemaName="opportunity" parentDisplayName="Opportunity" solution="System" id="{9c3f7ee8-eca7-e211-9fb6-00155dd0ea05}" />
        <Dependent key="54" type="60" displayName="Contact" parentDisplayName="Contact" id="{1fed44d1-ae68-4a41-bd2b-f13acac4acfa}" />
      </MissingDependency>
      <MissingDependency>
        <Required key="57" type="26" schemaName="Recent Opportunities" displayName="Recent Opportunities" parentSchemaName="opportunity" parentDisplayName="Opportunity" solution="System" id="{9c3f7ee8-eca7-e211-9fb6-00155dd0ea05}" />
        <Dependent key="58" type="60" displayName="Account" parentDisplayName="Account" id="{8448b78f-8f42-454e-8e2a-f8196b0419af}" />
      </MissingDependency>
      <MissingDependency>
        <Required key="51" type="26" schemaName="My Open Opportunities" displayName="My Open Opportunities" parentSchemaName="opportunity" parentDisplayName="Opportunity" solution="System" id="{00000000-0000-0000-00aa-000010003000}" />
        <Dependent key="54" type="60" displayName="Contact" parentDisplayName="Contact" id="{1fed44d1-ae68-4a41-bd2b-f13acac4acfa}" />
      </MissingDependency>
      <MissingDependency>
        <Required key="51" type="26" schemaName="My Open Opportunities" displayName="My Open Opportunities" parentSchemaName="opportunity" parentDisplayName="Opportunity" solution="System" id="{00000000-0000-0000-00aa-000010003000}" />
        <Dependent key="58" type="60" displayName="Account" parentDisplayName="Account" id="{8448b78f-8f42-454e-8e2a-f8196b0419af}" />
      </MissingDependency>
      <MissingDependency>
        <Required key="53" type="26" schemaName="Account Entitlements" displayName="Account Entitlements" parentSchemaName="entitlement" parentDisplayName="Entitlement" solution="System" id="{961bf8aa-042f-4f4d-bcca-935bfc9a6994}" />
        <Dependent key="58" type="60" displayName="Account" parentDisplayName="Account" id="{8448b78f-8f42-454e-8e2a-f8196b0419af}" />
      </MissingDependency>
      <MissingDependency>
        <Required key="59" type="26" schemaName="All Cases for Customer" displayName="All Cases for Customer" parentSchemaName="incident" parentDisplayName="Case" solution="System" id="{00000000-0000-0000-00aa-000010001039}" />
        <Dependent key="58" type="60" displayName="Account" parentDisplayName="Account" id="{8448b78f-8f42-454e-8e2a-f8196b0419af}" />
      </MissingDependency>
      <MissingDependency>
        <Required key="60" type="26" schemaName="My Campaigns" displayName="My Campaigns" parentSchemaName="campaign" parentDisplayName="Campaign" solution="System" id="{7f68a34b-26f1-430f-b3ef-7079f2925c69}" />
        <Dependent key="47" type="60" displayName="Marketing Social Dashboard" id="{b46aeb74-bf0c-44fb-8158-9575588d1b57}" />
      </MissingDependency>
      <MissingDependency>
        <Required key="61" type="26" schemaName="All Campaigns for Current Fiscal Year" displayName="All Campaigns for Current Fiscal Year" parentSchemaName="campaign" parentDisplayName="Campaign" solution="System" id="{c933b407-c568-df11-986c-00155d2e3002}" />
        <Dependent key="47" type="60" displayName="Marketing Social Dashboard" id="{b46aeb74-bf0c-44fb-8158-9575588d1b57}" />
      </MissingDependency>
      <MissingDependency>
        <Required key="62" type="26" schemaName="Closed Opportunities in Current Fiscal Year" displayName="Closed Opportunities in Current Fiscal Year" parentSchemaName="opportunity" parentDisplayName="Opportunity" solution="System" id="{9bee7ca3-b068-df11-ae90-00155d2e3002}" />
        <Dependent key="47" type="60" displayName="Marketing Social Dashboard" id="{b46aeb74-bf0c-44fb-8158-9575588d1b57}" />
      </MissingDependency>
      <MissingDependency>
        <Required key="63" type="26" schemaName="Local User Queues" displayName="Local User Queues" parentSchemaName="queue" parentDisplayName="Queue" solution="System" id="{6692d3a5-268d-4392-9752-2acf707062bb}" />
        <Dependent key="64" type="60" displayName="User" parentDisplayName="User" id="{c2cd9e55-d4b4-4b55-9951-16ead79643e5}" />
      </MissingDependency>
      <MissingDependency>
        <Required key="65" type="26" schemaName="Active Services" displayName="Active Services" parentSchemaName="service" parentDisplayName="Service" solution="System" id="{2bd4de5e-a7b4-4f5d-8fde-eb3b62d8e2b2}" />
        <Dependent key="66" type="60" displayName="Information" parentDisplayName="Contact" id="{894cc46a-b0cb-4ab0-8bf6-200544e46a2d}" />
      </MissingDependency>
      <MissingDependency>
        <Required key="65" type="26" schemaName="Active Services" displayName="Active Services" parentSchemaName="service" parentDisplayName="Service" solution="System" id="{2bd4de5e-a7b4-4f5d-8fde-eb3b62d8e2b2}" />
        <Dependent key="67" type="60" displayName="Information" parentDisplayName="Account" id="{b053a39a-041a-4356-acef-ddf00182762b}" />
      </MissingDependency>
      <MissingDependency>
        <Required key="68" type="59" schemaName="Campaign Type Mix" displayName="Campaign Type Mix" parentSchemaName="campaign" parentDisplayName="Campaign" solution="System" id="{8bcea361-2582-de11-9ff3-00155da3b012}" />
        <Dependent key="47" type="60" displayName="Marketing Social Dashboard" id="{b46aeb74-bf0c-44fb-8158-9575588d1b57}" />
      </MissingDependency>
      <MissingDependency>
        <Required key="69" type="59" schemaName="Campaign Budget vs. Actual Costs (By Fiscal)" displayName="Campaign Budget vs. Actual Costs (By Fiscal)" parentSchemaName="campaign" parentDisplayName="Campaign" solution="System" id="{587523f8-d186-de11-9ff3-00155da3b012}" />
        <Dependent key="47" type="60" displayName="Marketing Social Dashboard" id="{b46aeb74-bf0c-44fb-8158-9575588d1b57}" />
      </MissingDependency>
      <MissingDependency>
        <Required key="70" type="59" schemaName="Revenue Generated by Campaign" displayName="Revenue Generated by Campaign" parentSchemaName="opportunity" parentDisplayName="Opportunity" solution="System" id="{abd3696c-a982-de11-9ff3-00155da3b012}" />
        <Dependent key="47" type="60" displayName="Marketing Social Dashboard" id="{b46aeb74-bf0c-44fb-8158-9575588d1b57}" />
      </MissingDependency>
      <MissingDependency>
        <Required key="71" type="59" schemaName="Top Customers" displayName="Top Customers" parentSchemaName="opportunity" parentDisplayName="Opportunity" solution="System" id="{8bc5fb18-48f2-4782-9e16-3d452fa4ddce}" />
        <Dependent key="58" type="60" displayName="Account" parentDisplayName="Account" id="{8448b78f-8f42-454e-8e2a-f8196b0419af}" />
      </MissingDependency>
      <MissingDependency>
        <Required key="71" type="59" schemaName="Top Customers" displayName="Top Customers" parentSchemaName="opportunity" parentDisplayName="Opportunity" solution="System" id="{8bc5fb18-48f2-4782-9e16-3d452fa4ddce}" />
        <Dependent key="54" type="60" displayName="Contact" parentDisplayName="Contact" id="{1fed44d1-ae68-4a41-bd2b-f13acac4acfa}" />
      </MissingDependency>
      <MissingDependency>
        <Required key="72" type="59" schemaName="Case Mix (By Business Unit)" displayName="Case Mix (By Business Unit)" parentSchemaName="incident" parentDisplayName="Case" solution="System" id="{f10375a6-4893-de11-97d4-00155da3b01e}" />
        <Dependent key="54" type="60" displayName="Contact" parentDisplayName="Contact" id="{1fed44d1-ae68-4a41-bd2b-f13acac4acfa}" />
      </MissingDependency>
      <MissingDependency>
        <Required key="71" type="59" schemaName="Top Customers" displayName="Top Customers" parentSchemaName="opportunity" parentDisplayName="Opportunity" solution="System" id="{8bc5fb18-48f2-4782-9e16-3d452fa4ddce}" />
        <Dependent key="49" type="60" displayName="Sales Dashboard" id="{d1f511a8-1ead-e211-bb72-00155da9a201}" />
      </MissingDependency>
      <MissingDependency>
        <Required key="73" type="59" schemaName="Sales Pipeline" displayName="Sales Pipeline" parentSchemaName="opportunity" parentDisplayName="Opportunity" solution="System" id="{87293554-2482-de11-9ff3-00155da3b012}" />
        <Dependent key="49" type="60" displayName="Sales Dashboard" id="{d1f511a8-1ead-e211-bb72-00155da9a201}" />
      </MissingDependency>
      <MissingDependency>
        <Required key="80" type="61" schemaName="msdyn_/PersonalWall.htm" displayName="msdyn_/PersonalWall.htm" solution="ActivityFeedsCore (7.0.2.53)" />
        <Dependent key="47" type="60" displayName="Marketing Social Dashboard" id="{b46aeb74-bf0c-44fb-8158-9575588d1b57}" />
      </MissingDependency>
      <MissingDependency>
        <Required key="80" type="61" schemaName="msdyn_/PersonalWall.htm" displayName="msdyn_/PersonalWall.htm" solution="ActivityFeedsCore (7.0.2.53)" />
        <Dependent key="42" type="62" id="{bb051bf2-a030-e511-80ee-005056a03443}" />
      </MissingDependency>
      <MissingDependency>
        <Required key="80" type="61" schemaName="msdyn_/PersonalWall.htm" displayName="msdyn_/PersonalWall.htm" solution="ActivityFeedsCore (7.0.2.53)" />
        <Dependent key="81" type="60" displayName="GnC Manager" id="{21b836b7-cabb-e511-80fa-005056a03443}" />
      </MissingDependency>
      <MissingDependency>
        <Required key="80" type="61" schemaName="msdyn_/PersonalWall.htm" displayName="msdyn_/PersonalWall.htm" solution="ActivityFeedsCore (7.0.2.53)" />
        <Dependent key="82" type="60" displayName="Grants and Contributions" id="{92878ef7-964d-e511-80f0-005056a03443}" />
      </MissingDependency>
      <MissingDependency>
        <Required key="83" type="61" schemaName="msdyn_/Images/Wall_16.png" displayName="msdyn_/Images/Wall_16.png" solution="ActivityFeedsCore (7.0.2.53)" />
        <Dependent key="42" type="62" id="{bb051bf2-a030-e511-80ee-005056a03443}" />
      </MissingDependency>
      <MissingDependency>
        <Required key="84" type="61" schemaName="msdyn_/Styles/jQuery.UI.core.css" displayName="msdyn_/Styles/jQuery.UI.core.css" solution="ActivityFeedsCore (7.0.2.53)" />
        <Dependent key="84" type="61" schemaName="msdyn_/Styles/jQuery.UI.core.css" displayName="msdyn_/Styles/jQuery.UI.core.css" />
      </MissingDependency>
      <MissingDependency>
        <Required key="85" type="61" schemaName="msdyn_/Styles/jQuery.UI.theme.css" displayName="msdyn_/Styles/jQuery.UI.theme.css" solution="ActivityFeedsCore (7.0.2.53)" />
        <Dependent key="85" type="61" schemaName="msdyn_/Styles/jQuery.UI.theme.css" displayName="msdyn_/Styles/jQuery.UI.theme.css" />
      </MissingDependency>
      <MissingDependency>
        <Required key="83" type="61" schemaName="msdyn_/Images/Wall_16.png" displayName="msdyn_/Images/Wall_16.png" solution="ActivityFeedsCore (7.0.2.53)" />
        <Dependent key="83" type="61" schemaName="msdyn_/Images/Wall_16.png" displayName="msdyn_/Images/Wall_16.png" />
      </MissingDependency>
      <MissingDependency>
        <Required key="80" type="61" schemaName="msdyn_/PersonalWall.htm" displayName="msdyn_/PersonalWall.htm" solution="ActivityFeedsCore (7.0.2.53)" />
        <Dependent key="80" type="61" schemaName="msdyn_/PersonalWall.htm" displayName="msdyn_/PersonalWall.htm" />
      </MissingDependency>
      <MissingDependency>
        <Required key="86" type="61" schemaName="Account_main_system_library.js" displayName="Account_main_system_library.js" solution="System" />
        <Dependent key="58" type="60" displayName="Account" parentDisplayName="Account" id="{8448b78f-8f42-454e-8e2a-f8196b0419af}" />
      </MissingDependency>
      <MissingDependency>
        <Required key="87" type="61" schemaName="msdyn_/ActivityFeeds.Form.js" displayName="msdyn_/ActivityFeeds.Form.js" solution="ActivityFeedsCore (7.0.2.53)" />
        <Dependent key="88" type="60" displayName="Information" parentDisplayName="User" id="{c0d7d7dd-afd0-4675-85fe-1cc5a48be6df}" />
      </MissingDependency>
      <MissingDependency>
        <Required key="89" type="61" schemaName="msdyn_/RecordWall.htm" displayName="msdyn_/RecordWall.htm" solution="ActivityFeedsCore (7.0.2.53)" />
        <Dependent key="88" type="60" displayName="Information" parentDisplayName="User" id="{c0d7d7dd-afd0-4675-85fe-1cc5a48be6df}" />
      </MissingDependency>
      <MissingDependency>
        <Required key="86" type="61" schemaName="Account_main_system_library.js" displayName="Account_main_system_library.js" solution="System" />
        <Dependent key="90" type="60" displayName="Client (G&amp;C) - admin" parentDisplayName="Account" id="{6abfbc11-3b9f-4dae-84ed-7662470a847d}" />
      </MissingDependency>
      <MissingDependency>
        <Required key="91" type="61" schemaName="SystemUser_main_system_library.js" displayName="SystemUser_main_system_library.js" solution="System" />
        <Dependent key="64" type="60" displayName="User" parentDisplayName="User" id="{c2cd9e55-d4b4-4b55-9951-16ead79643e5}" />
      </MissingDependency>
      <MissingDependency>
        <Required key="92" type="61" schemaName="Contact_main_system_library.js" displayName="Contact_main_system_library.js" solution="System" />
        <Dependent key="66" type="60" displayName="Information" parentDisplayName="Contact" id="{894cc46a-b0cb-4ab0-8bf6-200544e46a2d}" />
      </MissingDependency>
      <MissingDependency>
        <Required key="87" type="61" schemaName="msdyn_/ActivityFeeds.Form.js" displayName="msdyn_/ActivityFeeds.Form.js" solution="ActivityFeedsCore (7.0.2.53)" />
        <Dependent key="66" type="60" displayName="Information" parentDisplayName="Contact" id="{894cc46a-b0cb-4ab0-8bf6-200544e46a2d}" />
      </MissingDependency>
      <MissingDependency>
        <Required key="89" type="61" schemaName="msdyn_/RecordWall.htm" displayName="msdyn_/RecordWall.htm" solution="ActivityFeedsCore (7.0.2.53)" />
        <Dependent key="66" type="60" displayName="Information" parentDisplayName="Contact" id="{894cc46a-b0cb-4ab0-8bf6-200544e46a2d}" />
      </MissingDependency>
      <MissingDependency>
        <Required key="92" type="61" schemaName="Contact_main_system_library.js" displayName="Contact_main_system_library.js" solution="System" />
        <Dependent key="93" type="60" displayName="G&amp;C Contact" parentDisplayName="Contact" id="{bb0ee1fc-4c5b-4d6c-863d-00f2549d6438}" />
      </MissingDependency>
      <MissingDependency>
        <Required key="87" type="61" schemaName="msdyn_/ActivityFeeds.Form.js" displayName="msdyn_/ActivityFeeds.Form.js" solution="ActivityFeedsCore (7.0.2.53)" />
        <Dependent key="67" type="60" displayName="Information" parentDisplayName="Account" id="{b053a39a-041a-4356-acef-ddf00182762b}" />
      </MissingDependency>
      <MissingDependency>
        <Required key="89" type="61" schemaName="msdyn_/RecordWall.htm" displayName="msdyn_/RecordWall.htm" solution="ActivityFeedsCore (7.0.2.53)" />
        <Dependent key="67" type="60" displayName="Information" parentDisplayName="Account" id="{b053a39a-041a-4356-acef-ddf00182762b}" />
      </MissingDependency>
      <MissingDependency>
        <Required key="86" type="61" schemaName="Account_main_system_library.js" displayName="Account_main_system_library.js" solution="System" />
        <Dependent key="67" type="60" displayName="Information" parentDisplayName="Account" id="{b053a39a-041a-4356-acef-ddf00182762b}" />
      </MissingDependency>
    </MissingDependencies>
  </SolutionManifest>
</ImportExportXml>